year,all,pass,admin,Value
2019,21.38533139,4.624427683,14.52806804,Percent
2020,0.637256392,0.798283403,2.507881276,Percent
2021,0.472371871,0.687293148,2.159195104,Percent
2022,0.61624794,0.785014611,2.466196135,Percent
2019,1971.929745,44.40641558,139.506869,Total
2020,1136.366294,33.71003254,105.9031906,Total
2021,592.6930081,24.34528718,76.48297537,Total
2022,828.8789436,28.79025779,90.44726237,Total
