year,auto,trucks,articulated,Value
2019,1.645025492,1.282585472,4.029361095,Percent
2020,0.057932399,0.240691502,0.756154655,Percent
2021,0.033740848,0.18368682,0.577069165,Percent
2022,0.05602254,0.236690811,0.743586113,Percent
2019,131.461983,11.4656872,36.02051868,Total
2020,75.75775291,8.703892975,27.34408623,Total
2021,42.33521486,6.506551688,20.44093498,Total
2022,69.0732453,8.311031543,26.10987564,Total
